Activity ID,Activity Date,Activity Name,Activity Type,Activity Description,Elapsed Time,Distance,Relative Effort,Commute,Activity Gear,Filename
579488305,"May 17, 2016, 8:20:28 PM",Commute ,Ride,,4414,19.17,,false,,activities/579488305.gpx
1338683578,"Jan 3, 2018, 8:00:28 AM",Commute,Ride,"",3600,10.94,,true,,
1339283602,"Jan 3, 2018, 6:16:28 PM",Evening Ride,Ride,,2998,11.65,,false,,activities/1339283602.gpx
1340081111,"Jan 4, 2018, 8:06:01 AM",Morning Ride,Ride,,2913,11.40,,false,,activities/1340081111.gpx
1340869173,"Jan 4, 2018, 6:30:57 PM",Evening Ride,Ride,,3078,11.34,,false,,activities/1340869173.gpx
1348073168,"Jan 9, 2018, 8:07:18 AM",Morning Ride,Ride,,2868,11.59,,true,,activities/1348073168.gpx
1348883486,"Jan 9, 2018, 6:37:39 PM",Evening Ride,Ride,,2829,11.88,,true,,activities/1348883486.gpx
1351348733,"Jan 11, 2018, 8:16:18 AM",Morning Ride,Ride,,2693,11.28,,true,,activities/1351348733.gpx
1352108570,"Jan 11, 2018, 6:15:10 PM",Evening Ride,Ride,,2865,11.65,,true,,activities/1352108570.gpx
1352907679,"Jan 12, 2018, 8:11:59 AM",Morning Ride,Ride,,2913,11.53,,true,,activities/1352907679.gpx
1353691272,"Jan 12, 2018, 6:40:56 PM",Evening Ride,Ride,,4855,12.63,,true,,activities/1353691272.gpx
1359637283,"Jan 16, 2018, 8:03:15 AM",Morning Ride,Ride,,3230,12.05,,true,,activities/1359637283.gpx
1360484877,"Jan 16, 2018, 6:04:05 PM",Evening Ride,Ride,,6480,12.87,,true,,activities/1360484877.gpx
1362754013,"Jan 18, 2018, 8:09:06 AM",Morning Ride,Ride,,2066,8.10,,true,,activities/1362754013.gpx
1363555025,"Jan 18, 2018, 7:00:51 PM",Evening Ride,Ride,,3502,11.40,,true,,activities/1363555025.gpx
1369350736,"Jan 22, 2018, 8:13:47 AM",Morning Ride,Ride,,3030,11.50,,true,,activities/1369350736.gpx
1370041652,"Jan 22, 2018, 6:03:18 PM",Evening Ride,Ride,,3113,11.52,,true,,activities/1370041652.gpx
1374191390,"Jan 25, 2018, 8:11:17 AM",Morning Ride,Ride,,2871,11.51,,true,,activities/1374191390.gpx
1374977941,"Jan 25, 2018, 6:31:10 PM",Evening Ride,Ride,,2702,11.64,,true,,activities/1374977941.gpx
1375769492,"Jan 26, 2018, 8:16:04 AM",Morning Ride,Ride,,2646,11.67,,true,,activities/1375769492.gpx
1376467214,"Jan 26, 2018, 6:15:19 PM",Evening Ride,Ride,,2890,12.56,,true,,activities/1376467214.gpx
1380978546,"Jan 29, 2018, 8:02:29 AM",Morning Ride,Ride,,3008,12.31,,true,,activities/1380978546.gpx
1381703267,"Jan 29, 2018, 6:34:00 PM",Evening Ride,Ride,,2579,11.59,,true,,activities/1381703267.gpx
1385917642,"Feb 1, 2018, 8:11:04 AM",Morning Ride,Ride,,2433,11.56,,false,,activities/1385917642.gpx
1392527808,"Feb 5, 2018, 7:52:11 AM",Morning Ride,Ride,,3482,11.63,,true,,activities/1392527808.gpx
1393175061,"Feb 5, 2018, 6:12:18 PM",Evening Ride,Ride,,2976,11.48,,true,,activities/1393175061.gpx
1393944267,"Feb 6, 2018, 7:54:11 AM",Morning Ride,Ride,,2835,5.65,,true,,activities/1393944267.gpx
1397225735,"Feb 8, 2018, 8:01:24 AM",Morning Ride,Ride,,3065,11.83,,true,,activities/1397225735.gpx
1397980142,"Feb 8, 2018, 6:20:25 PM",Evening Ride,Ride,,3124,12.74,,true,,activities/1397980142.gpx
1405206905,"Feb 13, 2018, 8:07:52 AM",Morning Ride,Ride,,3082,11.42,,true,,activities/1405206905.gpx
1406061067,"Feb 13, 2018, 6:10:37 PM",Evening Ride,Ride,,4003,9.60,,true,,activities/1406061067.gpx
1409866166,"Feb 16, 2018, 8:11:01 AM",Morning Ride,Ride,,2872,11.53,,true,,activities/1409866166.gpx
1818062591,"Sep 4, 2018, 6:14:10 AM",Morning Run,Run,,1586,4.45,,false,,activities/1818062591.gpx
1820370540,"Sep 5, 2018, 5:45:09 AM",Rock climbing,Rock Climbing,"",2700,0,,false,,
1827007630,"Sep 8, 2018, 9:48:55 AM",Morning Run,Run,,2899,5.37,,false,,activities/1827007630.gpx
1831659478,"Sep 10, 2018, 5:45:52 AM",Morning climb,Rock Climbing,"",1800,0,,false,,
1833627706,"Sep 11, 2018, 5:15:41 AM",Yoga,Yoga,"",1800,0,,false,,
1836050109,"Sep 12, 2018, 7:19:52 AM",Morning climb,Rock Climbing,"",1800,0,,false,,
1847104465,"Sep 17, 2018, 5:56:12 AM",Morning Run,Run,,1816,2.10,,false,,activities/1847104465.gpx
1893292461,"Oct 9, 2018, 5:47:26 AM",Morning Run,Run,,1736,5.37,,false,,activities/1893292461.gpx
1895630900,"Oct 10, 2018, 5:45:57 AM",Morning Activity,Rock Climbing,"",2400,0,,false,,
1920133203,"Oct 22, 2018, 5:50:35 AM",Morning Run,Run,,1712,5.28,,false,,activities/1920133203.gpx
1949903539,"Nov 6, 2018, 7:01:02 PM",Evening Run,Run,,2443,5.19,,false,,activities/1949903539.gpx
1952542911,"Nov 8, 2018, 6:57:21 AM",Morning Activity,Rock Climbing,"",2400,0,,false,,
1971935937,"Nov 18, 2018, 1:43:16 PM",Afternoon Run,Run,,1960,5.13,,false,,activities/1971935937.gpx
1973247529,"Nov 19, 2018, 6:40:01 AM",Morning Activity,Rock Climbing,"",2400,0,,false,,
1980071043,"Nov 23, 2018, 7:07:08 AM",Morning Run,Run,"",1729,4.91,,false,,activities/1980071043.gpx
1988935027,"Nov 28, 2018, 7:10:35 AM",Morning climb,Rock Climbing,"",3600,0,,false,,
1992266927,"Nov 28, 2018, 8:13:36 AM",Morning climb,Run,"",2700,0,,false,,
1992267264,"Nov 30, 2018, 7:29:24 AM",Morning climb,Rock Climbing,"",2700,0,,false,,
1992270152,"Nov 30, 2018, 7:29:24 AM",Morning climb,Rock Climbing,"",2700,0,,false,,
2059094320,"Jan 6, 2019, 10:01:53 AM",Morning Run,Run,"",2406,6.79,,false,,activities/2059094320.gpx
2065038332,"Jan 8, 2019, 7:35:53 PM",Evening Run,Run,,2421,5.42,,false,,activities/2065038332.gpx
2075993755,"Jan 13, 2019, 2:35:46 PM",Afternoon Run,Run,,3209,5.31,,false,,activities/2075993755.gpx
2079589657,"Jan 15, 2019, 6:53:42 AM",Morning Run,Run,,1526,4.52,,false,,activities/2079589657.gpx
2091635085,"Jan 20, 2019, 1:02:23 PM",Afternoon Run,Run,,2008,5.13,,false,,activities/2091635085.gpx
2095342198,"Jan 22, 2019, 7:07:07 AM",Morning Run,Run,,1480,4.54,,false,,activities/2095342198.gpx
2107674281,"Jan 27, 2019, 6:54:49 PM",Evening Run,Run,,1834,4.69,,false,,activities/2107674281.gpx
2109478114,"Jan 28, 2019, 6:16:51 PM",Evening Run,Run,,3192,4.56,,false,,activities/2109478114.gpx
2172732503,"Feb 24, 2019, 4:01:46 PM",Afternoon Run,Run,"",3203,5.46,,false,,activities/2172732503.gpx
2219615060,"Mar 17, 2019, 12:17:11 PM",Lunch Run,Run,,2017,4.69,,false,,activities/2219615060.gpx
2226344241,"Mar 20, 2019, 7:36:45 AM",Morning Run,Run,"",2244,6.68,,false,,activities/2226344241.gpx
2237312849,"Mar 24, 2019, 1:28:48 PM",Afternoon Run,Run,,4099,5.66,,false,,activities/2237312849.gpx
2242888295,"Mar 26, 2019, 7:45:19 PM",Evening Run,Run,,2334,5.15,,false,,activities/2242888295.gpx
2251600301,"Mar 30, 2019, 11:51:38 AM",Lunch Run,Run,,3622,5.12,,false,,activities/2251600301.gpx
2256547191,"Apr 1, 2019, 5:55:44 AM",Morning Run,Run,,1583,4.86,,false,,activities/2256547191.gpx
2261467268,"Apr 3, 2019, 5:51:48 AM",Morning run,Run,I,2100,6.43,,false,,
2273917795,"Aug 23, 1999, 6:09:42 AM",Morning Run,Run,,1236,4.05,,false,,activities/2273917795.gpx
2273922044,"Apr 8, 2019, 6:33:40 AM",Morning Run,Run,"",1200,4.02,,false,,
2307367187,"Sep 5, 1999, 12:39:16 PM",Afternoon Run,Run,,1779,4.15,,false,,activities/2307367187.gpx
2390463852,"May 23, 2019, 10:52:12 AM",Morning Run,Run,,3485,8.55,,false,,activities/2390463852.gpx
2412554558,"May 31, 2019, 6:33:03 PM",Reservoir Trail,Hike,,6162,7.70,,false,,activities/2412554558.gpx
2412635376,"May 31, 2019, 8:42:35 PM",Afternoon Ride,Ride,,1573,3.82,,false,,activities/2412635376.gpx
2423845327,"Jun 4, 2019, 3:45:22 PM",Skyline Trail for Maggie's birthday,Hike,,15223,15.05,,false,,activities/2423845327.gpx
2423903315,"Jun 4, 2019, 8:01:39 PM",Afternoon Ride,Ride,,1415,4.49,,false,,activities/2423903315.gpx
2429514136,"Jun 6, 2019, 9:18:35 PM",Afternoon Run,Run,,3119,4.71,,false,,activities/2429514136.gpx
2432957769,"Jun 8, 2019, 11:39:13 AM",Morning Ride,Ride,,1060,3.70,,false,,activities/2432957769.gpx
2433188805,"Jun 8, 2019, 12:23:26 PM",Reservoir Trail Run,Run,,3632,6.12,,false,,activities/2433188805.gpx
2433294420,"Jun 8, 2019, 1:44:38 PM",Morning Ride,Ride,,1098,3.78,,false,,activities/2433294420.gpx
2439120209,"Jun 10, 2019, 1:43:51 PM",Morning Ride,Ride,,958,3.68,,true,,activities/2439120209.gpx
2440377425,"Jun 10, 2019, 11:37:23 PM",Evening Ride,Ride,,1571,4.05,,true,,activities/2440377425.gpx
2441478268,"Jun 11, 2019, 12:48:05 PM",Morning Ride,Ride,,1242,3.70,,true,,activities/2441478268.gpx
2442837528,"Jun 11, 2019, 10:06:21 PM",Evening Ride,Ride,,1880,4.06,,true,,activities/2442837528.gpx
2444164315,"Jun 12, 2019, 1:07:57 PM",Morning Ride,Ride,,1259,4.05,,true,,activities/2444164315.gpx
2445458258,"Jun 12, 2019, 10:01:11 PM",Evening Ride,Ride,,1252,3.96,,true,,activities/2445458258.gpx
2446708765,"Jun 13, 2019, 12:59:32 PM",Morning Ride,Ride,,1135,3.70,,true,,activities/2446708765.gpx
2450205140,"Jun 14, 2019, 9:22:22 PM",Afternoon Ride,Ride,,1256,3.68,,true,,activities/2450205140.gpx
2457397696,"Jun 17, 2019, 12:58:41 PM",Morning Ride,Ride,,888,3.29,,true,,activities/2457397696.gpx
2458758469,"Jun 17, 2019, 10:16:59 PM",Evening Ride,Ride,,960,3.67,,true,,activities/2458758469.gpx
2458871369,"Jun 17, 2019, 11:06:28 PM",Evening Run,Run,"",2241,5.13,,false,,activities/2458871369.gpx
2460169840,"Jun 18, 2019, 1:23:19 PM",Morning Ride,Ride,,1189,3.63,,true,,activities/2460169840.gpx
2461586226,"Jun 18, 2019, 10:15:35 PM",Evening Ride,Ride,,995,3.63,,true,,activities/2461586226.gpx
2463025465,"Jun 19, 2019, 1:34:53 PM",Morning Ride,Ride,,1125,3.61,,true,,activities/2463025465.gpx
2464275432,"Jun 19, 2019, 9:53:32 PM",Afternoon Ride,Ride,,1307,3.93,,true,,activities/2464275432.gpx
2464500527,"Jun 19, 2019, 11:41:59 PM",Evening Activity,Rock Climbing,"",3600,0,,false,,
2465673130,"Jun 20, 2019, 1:05:25 PM",Morning Ride,Ride,,1918,4.08,,true,,activities/2465673130.gpx
2467008261,"Jun 20, 2019, 10:02:56 PM",Evening Ride,Ride,,861,3.65,,true,,activities/2467008261.gpx
2468314305,"Jun 21, 2019, 1:37:57 PM",Morning Ride,Ride,,765,3.62,,true,,activities/2468314305.gpx
2469396520,"Jun 21, 2019, 10:30:37 PM",Evening Ride,Ride,,1028,3.64,,true,,activities/2469396520.gpx
2474936737,"Jun 23, 2019, 4:14:11 PM",To Walden Pond,Ride,"",6970,29.21,,false,,activities/2474936737.gpx
2475458390,"Jun 23, 2019, 8:37:33 PM",Ride back from Walden Pond,Ride,,6288,28.22,,false,,activities/2475458390.gpx
2476591794,"Jun 24, 2019, 1:08:55 PM",Morning Ride,Ride,,1409,3.78,,true,,activities/2476591794.gpx
2477879316,"Jun 24, 2019, 10:14:26 PM",Evening Ride,Ride,,1626,3.71,,true,,activities/2477879316.gpx
2479206863,"Jun 25, 2019, 1:07:43 PM",Morning Ride,Ride,,899,3.57,,true,,activities/2479206863.gpx
2480575549,"Jun 25, 2019, 9:55:43 PM",Afternoon Ride,Ride,,1593,4.38,,true,,activities/2480575549.gpx
2482050678,"Jun 26, 2019, 1:29:42 PM",Morning Ride,Ride,,1144,3.61,,true,,activities/2482050678.gpx
2483349084,"Jun 26, 2019, 10:01:13 PM",Evening Ride,Ride,,1838,4.04,,true,,activities/2483349084.gpx
2484732249,"Jun 27, 2019, 1:11:06 PM",Morning Ride,Ride,,2004,3.98,,true,,activities/2484732249.gpx
2485979363,"Jun 27, 2019, 10:07:42 PM",Evening Ride,Ride,,2064,4.08,,true,,activities/2485979363.gpx
2487012423,"Jun 28, 2019, 11:07:31 AM",Morning Run,Run,,1636,5.05,,false,,activities/2487012423.gpx
2487219784,"Jun 28, 2019, 12:56:29 PM",Morning Ride,Ride,,1184,3.71,,true,,activities/2487219784.gpx
2488313324,"Jun 28, 2019, 10:31:32 PM",Evening Ride,Ride,,1283,3.66,,true,,activities/2488313324.gpx
2495057975,"Jul 1, 2019, 1:13:31 PM",Morning Ride,Ride,,1170,3.32,,true,,activities/2495057975.gpx
2496202507,"Jul 1, 2019, 7:45:43 PM",Afternoon Ride,Ride,"",1087,5.15,,false,,
2496254794,"Jul 1, 2019, 8:52:00 PM",Afternoon Ride,Ride,,1598,4.87,,false,,activities/2496254794.gpx
2497752788,"Jul 2, 2019, 12:53:46 PM",Morning Ride,Ride,,839,3.61,,false,,activities/2497752788.gpx
2499241347,"Jul 2, 2019, 9:50:11 PM",Afternoon Ride,Ride,,1189,3.84,,true,,activities/2499241347.gpx
2500408114,"Jul 3, 2019, 11:06:55 AM",Morning Run,Run,,1438,3.44,,true,,activities/2500408114.gpx
2508621686,"Jul 6, 2019, 11:03:05 AM",Family run in DC,Run,,3420,6.36,,false,,activities/2508621686.gpx
2514283644,"Jul 8, 2019, 10:55:19 AM",Tufts run,Run,,1757,4.57,,false,,activities/2514283644.gpx
2514523120,"Jul 8, 2019, 12:56:54 PM",Morning Ride,Ride,,1075,3.61,,true,,activities/2514523120.gpx
2515843657,"Jul 8, 2019, 9:45:02 PM",Afternoon Ride,Ride,,1267,3.73,,true,,activities/2515843657.gpx
2520173049,"Jul 10, 2019, 11:10:22 AM",Run to Danhey Park,Run,,3018,8.56,,false,,activities/2520173049.gpx
2520405744,"Jul 10, 2019, 1:24:25 PM",Morning Ride,Ride,,1129,3.79,,true,,activities/2520405744.gpx
2521722681,"Jul 10, 2019, 9:49:53 PM",Afternoon Ride,Ride,,927,4.10,,true,,activities/2521722681.gpx
2522870476,"Jul 11, 2019, 11:06:16 AM",Alumni Fields loop,Run,,1495,4.84,,false,,activities/2522870476.gpx
2523138756,"Jul 11, 2019, 1:15:10 PM",Morning Ride,Ride,,867,3.63,,true,,activities/2523138756.gpx
2524499151,"Jul 11, 2019, 10:20:30 PM",Evening Ride,Ride,,2722,4.21,,true,,activities/2524499151.gpx
2528333318,"Jul 13, 2019, 12:29:56 PM",Trot around the ol' block,Run,,2538,5.72,,false,,activities/2528333318.gpx
2534010795,"Jul 15, 2019, 12:33:19 PM",Beach + Dune Trail run,Run,,2601,6.33,,false,,activities/2534010795.gpx
2539900102,"Jul 17, 2019, 12:27:26 PM",Beach run + swim on the pier to finish!,Run,,5404,8.73,,false,,activities/2539900102.gpx
2543944486,"Jul 18, 2019, 9:45:19 PM",Afternoon Ride,Ride,,1683,4.07,4,false,,activities/2543944486.gpx
2545127136,"Jul 19, 2019, 11:07:00 AM",Race to the Moon badge üåóüåïüåì,Run,Longer run on the Fresh Pond loop to snag that fresh Apollo moon badge. 50+ miles in 50 days!,4376,12.07,,false,,activities/2545127136.gpx
2545322932,"Jul 19, 2019, 1:37:07 PM",Morning Ride,Ride,,814,3.57,10,false,,activities/2545322932.gpx
2546355020,"Jul 19, 2019, 10:42:03 PM",Evening Ride,Ride,,819,3.03,8,false,,activities/2546355020.gpx
2546584503,"Jul 20, 2019, 1:47:42 AM",Night Ride,Ride,,705,3.11,10,false,,activities/2546584503.gpx
2548235700,"Jul 20, 2019, 3:05:21 PM",Lunch Ride,Ride,,1619,1.80,2,false,,activities/2548235700.gpx
2548267671,"Jul 20, 2019, 3:32:41 PM",Lunch Ride,Ride,,536,1.54,1,false,,activities/2548267671.gpx
2553231294,"Jul 22, 2019, 10:57:13 AM",Hilly 5k at Tufts,Run,"",1789,5.01,58,false,,activities/2553231294.gpx
2553489167,"Jul 22, 2019, 1:13:56 PM",Morning Ride,Ride,,797,3.61,4,false,,activities/2553489167.gpx
2554782845,"Jul 22, 2019, 9:50:03 PM",Afternoon Ride,Ride,,1235,4.22,2,false,,activities/2554782845.gpx
2556320022,"Jul 23, 2019, 1:31:32 PM",Morning Ride,Ride,,809,3.63,5,false,,activities/2556320022.gpx
2557643522,"Jul 23, 2019, 9:42:21 PM",Afternoon Ride,Ride,,875,3.60,4,false,,activities/2557643522.gpx
2559123374,"Jul 24, 2019, 11:08:57 AM",Mystic Lake trail + ending with some stairs üèÉ,Run,"",4878,7.18,31,false,,activities/2559123374.gpx
2559232653,"Jul 24, 2019, 1:20:14 PM",Morning Ride,Ride,,917,3.63,6,false,,activities/2559232653.gpx
2560475813,"Jul 24, 2019, 9:29:29 PM",Afternoon Ride,Ride,,1494,3.95,3,false,,activities/2560475813.gpx
2562008044,"Jul 25, 2019, 1:00:42 PM",Morning Ride,Ride,,1291,4.04,6,false,,activities/2562008044.gpx
2563199614,"Jul 25, 2019, 10:02:55 PM",Evening Ride,Ride,,630,3.63,3,false,,activities/2563199614.gpx
2564317564,"Jul 26, 2019, 10:59:41 AM",July 5k loop,Run,"",1473,5.03,62,false,,activities/2564317564.gpx
2564962310,"Jul 26, 2019, 1:15:03 PM",Morning Ride,Ride,,11847,5.38,11,false,,activities/2564962310.gpx
2565947343,"Jul 26, 2019, 10:02:58 PM",Evening Ride,Ride,,810,2.17,0,false,,activities/2565947343.gpx
2567837760,"Jul 27, 2019, 4:53:26 PM",Lunch Ride,Ride,,979,3.87,3,false,,activities/2567837760.gpx
2568279183,"Jul 27, 2019, 5:14:20 PM",Fells hike üö∂üö∂‚Äç‚ôÄÔ∏è‚òÄÔ∏è,Hike,,12313,13.34,,false,,activities/2568279183.gpx
2568314040,"Jul 27, 2019, 8:44:16 PM",Afternoon Ride,Ride,,915,3.24,1,false,,activities/2568314040.gpx
2572465506,"Jul 29, 2019, 11:21:25 AM",Alumni loop,Run,"",1611,3.65,46,false,,activities/2572465506.gpx
2572680062,"Jul 29, 2019, 1:13:48 PM",Morning Ride,Ride,,768,3.75,7,false,,activities/2572680062.gpx
2574079507,"Jul 29, 2019, 10:02:29 PM",Evening Ride,Ride,"",2133,3.73,2,true,,activities/2574079507.gpx
2575257908,"Jul 30, 2019, 10:56:17 AM",Medford Run,Run,"",1977,5.80,79,false,,activities/2575257908.gpx
2575526994,"Jul 30, 2019, 1:02:48 PM",Morning Ride,Ride,,782,3.61,7,false,,activities/2575526994.gpx
2576914248,"Jul 30, 2019, 9:22:06 PM",Afternoon Ride,Ride,,1752,4.37,5,false,,activities/2576914248.gpx
2578087588,"Jul 31, 2019, 10:33:51 AM",Tufts Lookout Loop,Run,"",1652,4.83,58,false,,activities/2578087588.gpx
2578403256,"Jul 31, 2019, 12:54:12 PM",Morning Ride,Ride,,651,3.72,3,false,,activities/2578403256.gpx
2578784116,"Jul 31, 2019, 3:38:48 PM",Lunch Ride,Ride,,681,3.62,9,false,,activities/2578784116.gpx
2583837503,"Aug 1, 2019, 1:28:59 PM",Morning Ride,Ride,,1282,4.94,5,false,,activities/2583837503.gpx
2583837531,"Aug 2, 2019, 10:52:29 AM",Alumni fields loop,Run,"",1669,4.82,23,false,,activities/2583837531.gpx
2584102503,"Aug 2, 2019, 1:24:03 PM",Morning Ride,Ride,,708,3.59,6,false,,activities/2584102503.gpx
2585290109,"Aug 2, 2019, 10:24:57 PM",Evening Ride,Ride,,1999,4.69,5,false,,activities/2585290109.gpx
2586963302,"Aug 3, 2019, 1:24:46 PM",Morning Ride,Ride,,2184,3.39,5,false,,activities/2586963302.gpx
2591598123,"Aug 4, 2019, 10:07:58 PM",Evening Run,Run,,2317,4.89,25,false,,activities/2591598123.gpx
2592475536,"Aug 5, 2019, 10:32:23 AM",Morning Run,Run,,1901,6.47,76,false,,activities/2592475536.gpx
2592790497,"Aug 5, 2019, 1:16:58 PM",Morning Ride,Ride,,632,3.58,3,false,,activities/2592790497.gpx
2594082558,"Aug 5, 2019, 9:33:25 PM",Afternoon Ride,Ride,,580,2.85,3,false,,activities/2594082558.gpx
2595672943,"Aug 6, 2019, 1:34:09 PM",Morning Ride,Ride,,595,3.48,3,false,,activities/2595672943.gpx
2596910000,"Aug 6, 2019, 8:15:03 PM",Afternoon Ride,Ride,,1122,3.98,2,false,,activities/2596910000.gpx
2598272495,"Aug 7, 2019, 10:51:48 AM",Alumni fields loop,Run,"",1421,5.03,65,false,,activities/2598272495.gpx
2598636080,"Aug 7, 2019, 1:35:05 PM",Morning Ride,Ride,,705,3.61,6,false,,activities/2598636080.gpx
2599919226,"Aug 7, 2019, 9:29:16 PM",Afternoon Ride,Ride,,787,3.87,3,false,,activities/2599919226.gpx
2601160242,"Aug 8, 2019, 10:32:11 AM",Morning Run,Run,,1795,5.25,17,false,,activities/2601160242.gpx
2601488016,"Aug 8, 2019, 1:19:34 PM",Morning Ride,Ride,,721,3.60,4,false,,activities/2601488016.gpx
2602702737,"Aug 8, 2019, 8:25:01 PM",Afternoon Ride,Ride,,931,4.05,2,false,,activities/2602702737.gpx
2604013272,"Aug 9, 2019, 10:40:29 AM",Run around Tufts,Run,"",1620,4.98,,false,,
2604200228,"Aug 9, 2019, 12:51:33 PM",Morning Ride,Ride,,871,3.70,2,false,,activities/2604200228.gpx
2604517007,"Aug 9, 2019, 3:19:43 PM",Lunch Ride,Ride,,682,2.91,2,false,,activities/2604517007.gpx
2604837249,"Aug 9, 2019, 5:00:28 PM",Afternoon Ride,Ride,,705,3.33,5,false,,activities/2604837249.gpx
2605205960,"Aug 9, 2019, 8:50:47 PM",Afternoon Ride,Ride,,816,3.89,2,false,,activities/2605205960.gpx
2607734796,"Aug 10, 2019, 1:55:22 PM",Fells hike with the fam,Hike,,12458,12.82,,false,,activities/2607734796.gpx
2609639330,"Aug 11, 2019, 11:24:47 AM",Fells loop: Reservoir to North Dam Trail,Run,"",3844,8.56,37,false,,activities/2609639330.gpx
2612519993,"Aug 12, 2019, 1:12:37 PM",Morning Ride,Ride,,690,3.57,4,false,,activities/2612519993.gpx
2613676997,"Aug 12, 2019, 9:18:53 PM",Afternoon Ride,Ride,,891,3.74,2,false,,activities/2613676997.gpx
2615132714,"Aug 13, 2019, 11:21:24 AM",Morning Run,Run,"",3123,6.57,88,false,,activities/2615132714.gpx
2615369223,"Aug 13, 2019, 1:30:29 PM",Morning Ride,Ride,,858,3.73,2,false,,activities/2615369223.gpx
2617115018,"Aug 14, 2019, 12:37:43 AM",Evening Ride,Ride,,2988,5.81,,true,,activities/2617115018.gpx
2617997859,"Aug 13, 2019, 9:39:11 PM",Afternoon Ride,Ride,,335,1.22,0,false,,activities/2617997859.gpx
2618057784,"Aug 14, 2019, 11:22:27 AM",Morning Run,Run,,1443,5.15,12,false,,activities/2618057784.gpx
2618873276,"Aug 14, 2019, 4:58:42 PM",Lunch Ride,Ride,,812,3.56,3,false,,activities/2618873276.gpx
2619534569,"Aug 14, 2019, 9:04:42 PM",Afternoon Ride,Ride,,654,3.88,4,false,,activities/2619534569.gpx
2620807602,"Aug 15, 2019, 10:38:31 AM",Morning Run with Mom,Run,"",1819,4.85,18,false,,activities/2620807602.gpx
2621207786,"Aug 15, 2019, 1:27:01 PM",Morning Ride,Ride,,750,3.60,3,false,,activities/2621207786.gpx
2622470222,"Aug 15, 2019, 9:33:42 PM",Afternoon Ride,Ride,,714,3.89,4,false,,activities/2622470222.gpx
2624046853,"Aug 16, 2019, 2:03:02 PM",Morning Ride,Ride,,682,3.68,2,false,,activities/2624046853.gpx
2624922355,"Aug 16, 2019, 8:45:05 PM",Afternoon Ride,Ride,,449,1.67,1,false,,activities/2624922355.gpx
2626502388,"Aug 17, 2019, 12:12:11 PM",Morning Ride,Ride,,613,3.38,2,false,,activities/2626502388.gpx
2626727739,"Aug 17, 2019, 12:31:21 PM",Fells wekeend jam,Run,Winding through the fells with some buds for some good climbs ü§ò,4425,9.87,99,false,,activities/2626727739.gpx
2626787785,"Aug 17, 2019, 1:50:49 PM",Morning Ride,Ride,,743,4.03,8,false,,activities/2626787785.gpx
2632145751,"Aug 19, 2019, 10:55:01 AM",Morning Run,Run,,1426,4.84,66,false,,activities/2632145751.gpx
2632425659,"Aug 19, 2019, 1:13:56 PM",Morning Ride,Ride,,702,3.56,5,false,,activities/2632425659.gpx
2633591789,"Aug 19, 2019, 8:23:50 PM",Afternoon Ride,Ride,,1070,3.55,6,false,,activities/2633591789.gpx
2635253502,"Aug 20, 2019, 1:12:23 PM",Morning Ride,Ride,,770,3.59,1,false,,activities/2635253502.gpx
2636674387,"Aug 20, 2019, 9:32:56 PM",Afternoon Ride,Ride,,718,3.73,2,false,,activities/2636674387.gpx
2636766486,"Aug 20, 2019, 10:35:19 PM",Warm up,Run,"",425,1.33,14,false,,activities/2636766486.gpx
2636923633,"Aug 20, 2019, 11:10:15 PM",Run with the DSR,Run,"",3302,7.77,62,false,,activities/2636923633.gpx
2638243082,"Aug 21, 2019, 12:39:28 PM",Morning Ride,Ride,,1532,3.72,5,false,,activities/2638243082.gpx
2639676967,"Aug 21, 2019, 9:13:45 PM",Activity,Ride,,813,3.91,2,false,,activities/2639676967.gpx
2640887105,"Aug 22, 2019, 10:25:09 AM",Alumni fields loop,Run,Watch decided not to track this morning üôÑ,1538,4.82,,false,,
2641246433,"Aug 22, 2019, 1:13:47 PM",Morning Ride,Ride,,890,3.61,3,false,,activities/2641246433.gpx
2642572137,"Aug 22, 2019, 9:10:33 PM",Afternoon Ride,Ride,,1224,3.97,4,false,,activities/2642572137.gpx
2644122462,"Aug 23, 2019, 1:34:08 PM",Morning Ride,Ride,,753,3.67,3,false,,activities/2644122462.gpx
2645152327,"Aug 23, 2019, 9:15:23 PM",Afternoon Ride,Ride,,770,3.88,2,false,,activities/2645152327.gpx
2652701328,"Aug 26, 2019, 10:38:10 AM",Morning Run,Run,,1452,4.85,57,false,,activities/2652701328.gpx
2653043276,"Aug 26, 2019, 1:20:47 PM",Morning Ride,Ride,,551,3.54,5,false,,activities/2653043276.gpx
2654232632,"Aug 26, 2019, 9:18:23 PM",Afternoon Ride,Ride,,694,3.74,3,false,,activities/2654232632.gpx
2655853382,"Aug 27, 2019, 1:19:40 PM",Morning Ride,Ride,,683,3.69,4,false,,activities/2655853382.gpx
2657321617,"Aug 27, 2019, 9:19:24 PM",Afternoon Ride,Ride,,811,3.88,1,false,,activities/2657321617.gpx
2657542246,"Aug 27, 2019, 10:19:58 PM",Warmup loop + Hill repeats with DSR,Run,"",6207,12.40,139,false,,activities/2657542246.gpx
2658651214,"Aug 28, 2019, 11:00:56 AM",Morning yoga,Yoga,"",1800,0,,false,,
2658937282,"Aug 28, 2019, 1:35:43 PM",Morning Ride,Ride,,652,3.54,6,false,,activities/2658937282.gpx
2660207210,"Aug 28, 2019, 9:08:10 PM",Afternoon Ride,Ride,,308,1.48,1,false,,activities/2660207210.gpx
2661740651,"Aug 29, 2019, 1:09:58 PM",Morning Ride,Ride,,724,3.68,4,false,,activities/2661740651.gpx
2663052174,"Aug 29, 2019, 9:10:21 PM",Afternoon Ride,Ride,,1264,4.52,6,false,,activities/2663052174.gpx
2664315633,"Aug 30, 2019, 11:00:26 AM",Loop in Medford,Run,Watch didn't track all my miles...,2580,8.04,,false,,
2664552497,"Aug 30, 2019, 1:29:28 PM",Morning Ride,Ride,,699,3.66,9,false,,activities/2664552497.gpx
2665655544,"Aug 30, 2019, 10:02:33 PM",Evening Ride,Ride,,679,3.89,4,false,,activities/2665655544.gpx
2672276012,"Sep 1, 2019, 6:00:17 PM",Hike to the summit of Mt Moosilauke ‚õ∞Ô∏è,Hike,"Met some buds at the top too! 2,600 ft climb üëå",14400,13.19,,false,,
2673989066,"Sep 2, 2019, 5:07:51 PM",Afternoon Ride,Ride,,3185,4.62,3,false,,activities/2673989066.gpx
2676035008,"Sep 3, 2019, 1:00:08 PM",Morning Ride,Ride,,776,3.57,1,false,,activities/2676035008.gpx
2676444824,"Sep 3, 2019, 3:53:55 PM",Lunch Ride,Ride,,746,3.90,3,false,,activities/2676444824.gpx
2677819524,"Sep 3, 2019, 10:48:11 PM",DSR loop around Somerville,Run,"",5342,11.04,126,false,,activities/2677819524.gpx
2678988538,"Sep 4, 2019, 12:32:37 PM",Morning Ride,Ride,,711,2.54,2,false,,activities/2678988538.gpx
2679134182,"Sep 4, 2019, 1:40:30 PM",Morning Ride,Ride,,534,2.37,,false,,activities/2679134182.gpx
2680563116,"Sep 4, 2019, 10:31:21 PM",Just missed the downpour!!,Ride,,1126,4.42,,false,,activities/2680563116.gpx
2682116722,"Sep 5, 2019, 2:20:29 PM",Morning Ride,Ride,,1378,4.41,6,false,,activities/2682116722.gpx
2683316829,"Sep 5, 2019, 9:43:08 PM",Afternoon Ride,Ride,,2180,4.68,3,false,,activities/2683316829.gpx
2684656981,"Sep 6, 2019, 1:14:30 PM",Morning Ride,Ride,,814,3.68,3,false,,activities/2684656981.gpx
2685728908,"Sep 6, 2019, 9:05:42 PM",Afternoon Ride,Ride,,3831,4.96,5,false,,activities/2685728908.gpx
2687336578,"Sep 7, 2019, 12:51:44 PM",Morning Run,Run,,1375,4.22,33,false,,activities/2687336578.gpx
2693207214,"Sep 9, 2019, 11:44:31 AM",Morning Ride,Ride,,1016,3.60,2,false,,activities/2693207214.gpx
2694876054,"Sep 10, 2019, 12:20:54 AM",Evening Ride,Ride,,0,2.64,1,false,,activities/2694876054.gpx
2696047932,"Sep 10, 2019, 12:48:26 PM",Morning Ride,Ride,,840,3.57,2,false,,activities/2696047932.gpx
2697426559,"Sep 10, 2019, 8:20:55 PM",Afternoon Ride,Ride,,1377,4.33,3,false,,activities/2697426559.gpx
2698900409,"Sep 11, 2019, 11:32:22 AM",Morning Run,Run,,1611,4.96,64,false,,activities/2698900409.gpx
2699056267,"Sep 11, 2019, 12:49:14 PM",Morning Ride,Ride,,924,3.70,4,false,,activities/2699056267.gpx
2700487445,"Sep 11, 2019, 9:45:03 PM",Afternoon Ride,Ride,,1577,3.10,3,false,,activities/2700487445.gpx
2700547943,"Sep 11, 2019, 10:26:14 PM",Evening Ride,Ride,,915,2.95,5,false,,activities/2700547943.gpx
2701955419,"Sep 12, 2019, 1:12:05 PM",Morning Ride,Ride,,754,3.58,3,false,,activities/2701955419.gpx
2703268935,"Sep 12, 2019, 9:19:20 PM",Afternoon Ride,Ride,,844,3.92,2,false,,activities/2703268935.gpx
2704766056,"Sep 13, 2019, 1:34:11 PM",Morning Ride,Ride,,824,3.54,5,false,,activities/2704766056.gpx
2705780455,"Sep 13, 2019, 9:14:43 PM",Afternoon Ride,Ride,,773,3.96,1,false,,activities/2705780455.gpx
2712487536,"Sep 15, 2019, 10:01:26 PM",Evening Run,Run,,3125,6.47,19,false,,activities/2712487536.gpx
2713458343,"Sep 16, 2019, 11:25:13 AM",Morning yoga,Yoga,"",1800,0,,false,,
2713653713,"Sep 16, 2019, 1:17:00 PM",Morning Ride,Ride,,643,3.71,8,false,,activities/2713653713.gpx
2714833654,"Sep 16, 2019, 9:12:17 PM",Afternoon Ride,Ride,,765,3.96,3,false,,activities/2714833654.gpx
2716237888,"Sep 17, 2019, 11:30:35 AM",Morning Run,Run,,2395,8.05,80,false,,activities/2716237888.gpx
2716445297,"Sep 17, 2019, 1:21:22 PM",Morning Ride,Ride,,846,3.70,4,false,,activities/2716445297.gpx
2717815255,"Sep 17, 2019, 9:17:03 PM",Afternoon Ride,Ride,,1141,4.35,5,false,,activities/2717815255.gpx
2719534018,"Sep 18, 2019, 2:18:09 PM",Morning Ride,Ride,,505,2.47,2,false,,activities/2719534018.gpx
2720781893,"Sep 18, 2019, 9:31:18 PM",Afternoon Ride,Ride,,2364,4.28,3,false,,activities/2720781893.gpx
2722261355,"Sep 19, 2019, 1:31:11 PM",Morning Ride,Ride,,671,3.62,5,false,,activities/2722261355.gpx
2723512219,"Sep 19, 2019, 9:29:01 PM",Afternoon Ride,Ride,,858,3.79,1,false,,activities/2723512219.gpx
2723634513,"Sep 19, 2019, 9:58:36 PM",Afternoon Run,Run,,3266,7.49,19,false,,activities/2723634513.gpx
2725061671,"Sep 20, 2019, 1:41:43 PM",Morning Ride,Ride,,3004,8.04,8,false,,activities/2725061671.gpx
2725739441,"Sep 20, 2019, 6:40:51 PM",Afternoon Ride,Ride,,1377,4.46,,false,,activities/2725739441.gpx
2725991699,"Sep 20, 2019, 9:37:19 PM",Afternoon Ride,Ride,,1055,3.96,,false,,activities/2725991699.gpx
2728639177,"Sep 21, 2019, 5:35:39 PM",Afternoon Ride,Ride,,3125,9.16,11,false,,activities/2728639177.gpx
2729007805,"Sep 21, 2019, 9:10:29 PM",Afternoon Ride,Ride,,3160,9.14,8,false,,activities/2729007805.gpx
2730717779,"Sep 22, 2019, 12:51:22 PM",Morning Ride,Ride,,658,2.12,1,false,,activities/2730717779.gpx
2731324678,"Sep 22, 2019, 3:36:43 PM",Lunch Ride,Ride,,880,3.55,6,false,,activities/2731324678.gpx
2731823771,"Sep 22, 2019, 6:14:45 PM",Afternoon Ride,Ride,,790,3.54,4,false,,activities/2731823771.gpx
2731841741,"Sep 22, 2019, 4:34:30 PM",Fells hike,Hike,"",7200,9.65,,false,,
2733321644,"Sep 23, 2019, 12:43:15 PM",Morning Ride,Ride,,715,3.60,3,false,,activities/2733321644.gpx
2734687482,"Sep 23, 2019, 10:47:13 PM",Evening Ride,Ride,,2164,4.37,2,false,,activities/2734687482.gpx
2735958221,"Sep 24, 2019, 1:15:21 PM",Morning Ride,Ride,,694,3.57,5,false,,activities/2735958221.gpx
2737415340,"Sep 24, 2019, 10:35:18 PM",Evening Ride,Ride,,3106,5.67,5,false,,activities/2737415340.gpx
2738608908,"Sep 25, 2019, 12:35:33 PM",Morning Ride,Ride,,737,3.58,2,false,,activities/2738608908.gpx
2739963836,"Sep 25, 2019, 9:53:37 PM",Afternoon Ride,Ride,,1627,3.97,,false,,activities/2739963836.gpx
2741537037,"Sep 26, 2019, 3:15:16 PM",Lunch Ride,Ride,,782,3.60,3,false,,activities/2741537037.gpx
2742315767,"Sep 26, 2019, 7:34:59 PM",Afternoon Ride,Ride,,2525,7.66,9,false,,activities/2742315767.gpx
2742868984,"Sep 27, 2019, 1:28:36 AM",Night Ride,Ride,,2215,10.22,,false,,activities/2742868984.gpx
2743889492,"Sep 27, 2019, 2:02:24 PM",Morning Ride,Ride,,679,3.57,4,false,,activities/2743889492.gpx
2744937313,"Sep 27, 2019, 11:37:55 PM",Evening Ride,Ride,,301,1.44,0,false,,activities/2744937313.gpx
2747082728,"Sep 28, 2019, 4:47:35 PM",Lunch Ride,Ride,,945,3.54,3,false,,activities/2747082728.gpx
2747488944,"Sep 28, 2019, 8:06:19 PM",Afternoon Ride,Ride,,1085,3.58,2,false,,activities/2747488944.gpx
2751934023,"Sep 30, 2019, 11:15:51 AM",Morning Run,Run,,1821,5.51,47,false,,activities/2751934023.gpx
2754360572,"Sep 30, 2019, 2:10:26 PM",Morning Ride,Ride,,1071,4.86,5,false,,activities/2754360572.gpx
2754360769,"Sep 30, 2019, 4:29:12 PM",Lunch Ride,Ride,,7866,8.52,6,false,,activities/2754360769.gpx
2759406439,"Oct 3, 2019, 11:17:41 AM",Morning Run,Run,,1555,3.78,,false,,activities/2759406439.gpx
2760759123,"Oct 3, 2019, 9:13:24 PM",Afternoon Ride,Ride,,1026,4.02,1,false,,activities/2760759123.gpx
2762086371,"Oct 4, 2019, 1:18:38 PM",Morning Ride,Ride,,718,3.61,2,false,,activities/2762086371.gpx
2762952822,"Oct 4, 2019, 9:07:20 PM",Afternoon Ride,Ride,,1532,4.28,2,false,,activities/2762952822.gpx
2765136509,"Oct 5, 2019, 3:59:24 PM",Lunch Ride,Ride,,642,3.47,3,false,,activities/2765136509.gpx
2765489561,"Oct 5, 2019, 5:19:58 PM",Afternoon Run,Run,,3431,4.87,13,false,,activities/2765489561.gpx
2765574678,"Oct 5, 2019, 6:54:52 PM",Activity,Ride,,738,3.55,1,false,,activities/2765574678.gpx
2768118391,"Oct 6, 2019, 3:50:22 PM",Lunch Ride,Ride,,816,3.57,2,false,,activities/2768118391.gpx
2768836153,"Oct 6, 2019, 7:41:11 PM",Afternoon Ride,Ride,,4984,5.11,5,false,,activities/2768836153.gpx
2770039708,"Oct 7, 2019, 1:18:40 PM",Morning Ride,Ride,,954,3.67,8,false,,activities/2770039708.gpx
2771190396,"Oct 7, 2019, 10:05:19 PM",Evening Ride,Ride,,1669,3.99,,true,,activities/2771190396.gpx
2772367808,"Oct 8, 2019, 12:06:26 PM",Morning Ride,Ride,,1050,4.87,4,false,,activities/2772367808.gpx
2772711438,"Oct 8, 2019, 2:48:26 PM",Morning Ride,Ride,,1085,6.22,2,false,,activities/2772711438.gpx
2773767087,"Oct 8, 2019, 9:32:29 PM",Afternoon Ride,Ride,,913,4.05,2,false,,activities/2773767087.gpx
2773844752,"Oct 8, 2019, 10:04:06 PM",Evening Run,Run,,1577,4.93,53,false,,activities/2773844752.gpx
2782618678,"Oct 10, 2019, 2:00:04 PM",Bromley Mountain via Long Trail,Hike,Catching the fall leave at the perfect time!,12360,9.49,,false,,
2782640451,"Oct 11, 2019, 1:40:22 PM",The Pinnacle,Hike,"",13200,12.07,,false,,
2786999654,"Oct 13, 2019, 9:20:08 PM",Afternoon Ride,Ride,,455,2.78,2,false,,activities/2786999654.gpx
2787066067,"Oct 13, 2019, 9:57:26 PM",Afternoon Ride,Ride,,702,2.85,2,false,,activities/2787066067.gpx
2790697595,"Oct 15, 2019, 12:47:41 PM",Morning Ride,Ride,,2773,3.75,4,false,,activities/2790697595.gpx
2791957899,"Oct 15, 2019, 9:01:55 PM",Afternoon Ride,Ride,,4431,4.17,2,false,,activities/2791957899.gpx
2793058137,"Oct 16, 2019, 11:12:40 AM",Morning Run,Run,,1503,4.85,51,false,,activities/2793058137.gpx
2793384592,"Oct 16, 2019, 2:10:17 PM",Morning Ride,Ride,,517,2.34,4,false,,activities/2793384592.gpx
2794500384,"Oct 16, 2019, 9:45:42 PM",Afternoon Ride,Ride,,2514,4.98,4,false,,activities/2794500384.gpx
2795893396,"Oct 17, 2019, 2:26:45 PM",Morning Ride,Ride,,692,3.67,3,false,,activities/2795893396.gpx
2796916430,"Oct 17, 2019, 9:33:38 PM",Afternoon Ride,Ride,,2505,4.26,2,false,,activities/2796916430.gpx
2800756561,"Oct 19, 2019, 2:43:41 PM",Morning Ride,Ride,,762,3.84,2,false,,activities/2800756561.gpx
2801193701,"Oct 19, 2019, 2:56:55 PM",Fells loop,Hike,,5885,4.83,,false,,activities/2801193701.gpx
2801236416,"Oct 19, 2019, 5:28:15 PM",Afternoon Ride,Ride,,770,3.47,3,false,,activities/2801236416.gpx
2805696832,"Oct 21, 2019, 11:44:02 AM",Morning Run,Run,,2318,5.05,22,false,,activities/2805696832.gpx
2805806803,"Oct 21, 2019, 1:10:11 PM",Morning Ride,Ride,,856,3.99,6,false,,activities/2805806803.gpx
2806867821,"Oct 21, 2019, 9:15:04 PM",Afternoon Ride,Ride,,1296,3.86,1,false,,activities/2806867821.gpx
2808471387,"Oct 22, 2019, 3:04:22 PM",Lunch Ride,Ride,,1058,4.89,5,false,,activities/2808471387.gpx
2808700023,"Oct 22, 2019, 4:18:58 PM",Lunch Ride,Ride,,1626,7.10,5,false,,activities/2808700023.gpx
2809435201,"Oct 22, 2019, 9:07:05 PM",Afternoon Ride,Ride,,1892,4.00,2,false,,activities/2809435201.gpx
2810967722,"Oct 23, 2019, 2:19:50 PM",Morning Ride,Ride,,491,2.45,1,false,,activities/2810967722.gpx
2812044001,"Oct 23, 2019, 9:39:27 PM",Afternoon Ride,Ride,,904,3.86,3,false,,activities/2812044001.gpx
2813414241,"Oct 24, 2019, 1:49:43 PM",Morning Ride,Ride,,725,3.71,1,false,,activities/2813414241.gpx
2814498542,"Oct 24, 2019, 9:56:10 PM",Afternoon Ride,Ride,,590,2.46,2,false,,activities/2814498542.gpx
2815750382,"Oct 25, 2019, 1:35:24 PM",Morning Ride,Ride,,653,3.67,1,false,,activities/2815750382.gpx
2816684738,"Oct 25, 2019, 10:07:26 PM",Evening Ride,Ride,,888,3.92,6,false,,activities/2816684738.gpx
2821969925,"Oct 27, 2019, 5:16:47 PM",Afternoon Run,Run,,1899,4.56,30,false,,activities/2821969925.gpx
2822033853,"Oct 27, 2019, 5:48:47 PM",Afternoon Run,Run,,1636,3.65,28,false,,activities/2822033853.gpx
2823542895,"Oct 28, 2019, 1:14:18 PM",Morning Ride,Ride,,795,3.88,8,false,,activities/2823542895.gpx
2824772932,"Oct 28, 2019, 11:08:06 PM",Evening Ride,Ride,,658,2.12,2,false,,activities/2824772932.gpx
2825978220,"Oct 29, 2019, 1:08:06 PM",Morning Ride,Ride,,1382,4.70,4,false,,activities/2825978220.gpx
2827086045,"Oct 29, 2019, 9:06:43 PM",Afternoon Ride,Ride,,862,3.89,4,false,,activities/2827086045.gpx
2828537970,"Oct 30, 2019, 1:33:38 PM",Morning Ride,Ride,,805,3.71,6,false,,activities/2828537970.gpx
2829539497,"Oct 30, 2019, 9:10:09 PM",Afternoon Ride,Ride,,1217,4.11,1,false,,activities/2829539497.gpx
2830740231,"Oct 31, 2019, 12:15:21 PM",Morning Run,Run,,1821,5.46,55,false,,activities/2830740231.gpx
2830846645,"Oct 31, 2019, 1:23:22 PM",Morning Ride,Ride,,852,3.65,4,false,,activities/2830846645.gpx
2831792622,"Oct 31, 2019, 9:00:47 PM",Afternoon Ride,Ride,,2275,3.93,4,false,,activities/2831792622.gpx
2833143371,"Nov 1, 2019, 1:42:40 PM",Morning Ride,Ride,,821,3.86,2,false,,activities/2833143371.gpx
2835403206,"Nov 1, 2019, 10:15:51 PM",Evening Ride,Ride,,13189,4.54,7,false,,activities/2835403206.gpx
2840486718,"Nov 4, 2019, 2:19:31 PM",Morning Ride,Ride,,731,3.59,3,false,,activities/2840486718.gpx
2841545858,"Nov 4, 2019, 10:13:03 PM",Afternoon Ride,Ride,,2525,3.96,2,false,,activities/2841545858.gpx
2842798441,"Nov 5, 2019, 1:14:20 PM",Morning Run,Run,,2335,5.28,26,false,,activities/2842798441.gpx
2842977713,"Nov 5, 2019, 3:16:25 PM",Morning Ride,Ride,,692,2.23,4,false,,activities/2842977713.gpx
2843990461,"Nov 5, 2019, 10:11:46 PM",Afternoon Ride,Ride,,1171,4.09,2,false,,activities/2843990461.gpx
2845974554,"Nov 6, 2019, 6:43:07 PM",Afternoon Ride,Ride,,745,3.64,3,false,,activities/2845974554.gpx
2846593324,"Nov 6, 2019, 11:12:55 PM",Evening Ride,Ride,,1594,4.12,,false,,activities/2846593324.gpx
2847843071,"Nov 7, 2019, 3:05:44 PM",Morning Ride,Ride,,706,3.66,1,false,,activities/2847843071.gpx
2849951471,"Nov 8, 2019, 2:10:55 PM",Morning Ride,Ride,,695,3.62,2,false,,activities/2849951471.gpx
2850826002,"Nov 8, 2019, 10:12:11 PM",Afternoon Ride,Ride,,1831,4.05,5,false,,activities/2850826002.gpx
2857233678,"Nov 11, 2019, 11:50:34 AM",Morning Run,Run,,2175,6.78,95,false,,activities/2857233678.gpx
2859707478,"Nov 12, 2019, 1:40:40 PM",Morning Ride,Ride,,789,3.64,4,false,,activities/2859707478.gpx
2860826784,"Nov 12, 2019, 10:05:10 PM",Afternoon Ride,Ride,,1892,4.24,16,false,,activities/2860826784.gpx
2862159159,"Nov 13, 2019, 2:44:42 PM",Morning Ride,Ride,,506,2.42,1,false,,activities/2862159159.gpx
2863327849,"Nov 14, 2019, 12:04:42 AM",Evening Ride,Ride,,1043,3.81,,false,,activities/2863327849.gpx
2864589356,"Nov 14, 2019, 2:18:30 PM",Morning Ride,Ride,,7874,4.32,2,false,,activities/2864589356.gpx
2864699851,"Nov 14, 2019, 4:30:10 PM",Lunch Ride,Ride,,3361,7.49,19,false,,activities/2864699851.gpx
2864960418,"Nov 14, 2019, 6:17:50 PM",Afternoon Ride,Ride,,3726,7.70,14,false,,activities/2864960418.gpx
2865429104,"Nov 14, 2019, 11:08:01 PM",Evening Ride,Ride,,1984,3.96,8,false,,activities/2865429104.gpx
2866941123,"Nov 15, 2019, 6:13:01 PM",Afternoon Ride,Ride,,668,3.68,4,false,,activities/2866941123.gpx
2867429960,"Nov 15, 2019, 11:19:18 PM",Evening Ride,Ride,,1048,4.01,1,false,,activities/2867429960.gpx
2873757498,"Nov 18, 2019, 12:42:50 PM",Morning Ride,Ride,,1040,4.58,14,false,,activities/2873757498.gpx
2874934192,"Nov 18, 2019, 10:36:31 PM",Afternoon Ride,Ride,,1170,4.16,8,false,,activities/2874934192.gpx
2876167608,"Nov 19, 2019, 1:48:02 PM",Morning Ride,Ride,,875,3.59,3,false,,activities/2876167608.gpx
2877346259,"Nov 19, 2019, 10:16:47 PM",Afternoon Ride,Ride,,1152,3.90,2,false,,activities/2877346259.gpx
2877459279,"Nov 19, 2019, 10:57:04 PM",Afternoon Run,Run,,2542,5.78,,false,,activities/2877459279.gpx
2879940940,"Nov 20, 2019, 11:57:30 PM",Evening Ride,Ride,,1349,4.32,,false,,activities/2879940940.gpx
2880956446,"Nov 20, 2019, 2:41:53 PM",Morning Ride,Ride,,5105,3.02,6,false,,activities/2880956446.gpx
2880977837,"Nov 21, 2019, 1:52:19 PM",Morning Ride,Ride,,713,3.57,5,false,,activities/2880977837.gpx
2882181512,"Nov 21, 2019, 11:44:59 PM",Evening Ride,Ride,,2227,4.55,7,false,,activities/2882181512.gpx
2883148761,"Nov 22, 2019, 1:55:51 PM",Morning Ride,Ride,,772,3.66,8,false,,activities/2883148761.gpx
2884022778,"Nov 22, 2019, 10:41:42 PM",Afternoon Ride,Ride,,1422,4.36,3,false,,activities/2884022778.gpx
2890381033,"Nov 25, 2019, 1:59:04 PM",Morning Ride,Ride,,777,3.63,1,false,,activities/2890381033.gpx
2891474733,"Nov 25, 2019, 10:13:08 PM",Afternoon Ride,Ride,,3001,6.23,8,false,,activities/2891474733.gpx
2892763871,"Nov 26, 2019, 2:26:59 PM",Morning Ride,Ride,,716,3.65,8,false,,activities/2892763871.gpx
2895120537,"Nov 27, 2019, 2:27:02 PM",Morning Ride,Ride,,974,3.68,,false,,activities/2895120537.gpx
2896093430,"Nov 27, 2019, 10:17:17 PM",Afternoon Ride,Ride,,964,4.02,,false,,activities/2896093430.gpx
2900527301,"Nov 26, 2019, 10:40:22 PM",Afternoon Ride,Ride,,893,3.99,5,false,,activities/2900527301.gpx
2900527333,"Nov 29, 2019, 5:38:26 PM",Lunch Run,Run,,2614,4.29,33,false,,activities/2900527333.gpx
2912913982,"Dec 5, 2019, 1:54:47 PM",Morning Ride,Ride,,871,3.71,3,false,,activities/2912913982.gpx
2913956886,"Dec 5, 2019, 10:44:16 PM",Afternoon Ride,Ride,,2926,5.10,4,false,,activities/2913956886.gpx
2915816334,"Dec 6, 2019, 10:42:47 PM",Afternoon Ride,Ride,,911,3.48,,false,,activities/2915816334.gpx
2921814724,"Dec 6, 2019, 2:05:35 PM",Morning Ride,Ride,,589,2.80,1,false,,activities/2921814724.gpx
2921834160,"Dec 9, 2019, 2:17:04 PM",Morning Ride,Ride,,765,3.60,5,false,,activities/2921834160.gpx
2922739911,"Dec 9, 2019, 10:20:06 PM",Afternoon Ride,Ride,"",720,3.54,,false,,
2923973305,"Dec 10, 2019, 2:14:18 PM",Morning Ride,Ride,,749,3.62,10,false,,activities/2923973305.gpx
2926216127,"Dec 11, 2019, 1:10:13 AM",Evening Ride,Ride,"",1380,5.63,,false,,
2928332543,"Dec 12, 2019, 2:51:43 PM",Morning Ride,Ride,,726,3.53,4,false,,activities/2928332543.gpx
2929208162,"Dec 12, 2019, 10:54:39 PM",Afternoon Ride,Ride,,1589,4.09,,false,,activities/2929208162.gpx
2930392445,"Dec 13, 2019, 4:35:34 PM",Lunch Ride,Ride,,803,3.73,3,false,,activities/2930392445.gpx
2931108895,"Dec 13, 2019, 11:00:10 PM",Evening Ride,Ride,"",720,3.86,,false,,
2936782211,"Dec 16, 2019, 2:02:55 PM",Morning Ride,Ride,,903,3.72,,false,,activities/2936782211.gpx
2937745333,"Dec 16, 2019, 10:16:50 PM",Afternoon Ride,Ride,,2833,4.63,4,false,,activities/2937745333.gpx
2940226318,"Dec 17, 2019, 5:15:26 PM",Night Ride,Ride,"",900,2.41,,false,,
2940226671,"Dec 18, 2019, 12:50:01 AM",Night Ride,Ride,"",900,2.73,,false,,
2940227036,"Dec 17, 2019, 11:30:22 PM",Climbing sesh,Rock Climbing,"",5400,0,,false,,
2943097717,"Dec 19, 2019, 2:11:28 PM",Morning Ride,Ride,,859,3.65,2,false,,activities/2943097717.gpx
2944058290,"Dec 19, 2019, 11:38:59 PM",Evening Ride,Ride,,1046,3.86,10,false,,activities/2944058290.gpx
2944940174,"Dec 20, 2019, 2:07:36 PM",Morning Ride,Ride,,752,3.63,9,false,,activities/2944940174.gpx
2945704299,"Dec 20, 2019, 10:12:09 PM",Afternoon Ride,Ride,,4148,4.07,7,false,,activities/2945704299.gpx
2947386500,"Dec 21, 2019, 4:14:15 PM",Snow hike at the Fells,Hike,,4455,4.79,,false,,activities/2947386500.gpx
2951844679,"Dec 23, 2019, 5:58:24 PM",Lunch Ride,Ride,,4017,6.57,10,false,,activities/2951844679.gpx
2954178446,"Dec 24, 2019, 4:39:40 PM",Lunch Run,Run,,1911,4.11,17,false,,activities/2954178446.gpx
2954205452,"Dec 24, 2019, 6:59:26 PM",Afternoon Ride,Ride,,1202,2.90,1,false,,activities/2954205452.gpx
2955851438,"Dec 25, 2019, 2:48:54 PM",Christmas hike,Hike,"",7755,10.06,,false,,activities/2955851438.gpx
2960498998,"Dec 27, 2019, 3:43:03 PM",Echo Lake,Hike,,6794,6.09,,false,,activities/2960498998.gpx
2963294597,"Dec 28, 2019, 4:14:10 PM",Lunch Hike,Hike,,1261,1.16,,false,,activities/2963294597.gpx
2965599896,"Dec 28, 2019, 6:17:45 PM",XC Betton Woods,Nordic Ski,,8732,9.17,,false,,activities/2965599896.gpx
2966046370,"Dec 29, 2019, 3:13:34 PM",Diana's Baths out and back,Hike,,8992,8.76,,false,,activities/2966046370.gpx
2975563561,"Dec 26, 2019, 1:37:05 PM",Morning Run,Run,,2191,3.60,19,false,,activities/2975563561.gpx
2975597307,"Jan 2, 2020, 2:26:37 PM",Morning Ride,Ride,,779,3.58,2,false,,activities/2975597307.gpx
